testName1,test1@gmai.com,987654321
testName2,test1@gmai.com,987654321
testName3,test1@gmai.com,987654321
testName4,test1@gmai.com,987654321
testName5,test1@gmai.com,987654321
testName6,test1@gmai.com,987654321
testName7,test1@gmai.com,987654321
testName8,test1@gmai.com,987654321
testName9,test1@gmai.com,987654321
testName10,test1@gmai.com,987654321
testName11,test1@gmai.com,987654321
testName12,test1@gmai.com,987654321
testName13,test1@gmai.com,987654321
testName14,test1@gmai.com,987654321
testName15,test1@gmai.com,987654321
testName16,test1@gmai.com,987654321
testName17,test1@gmai.com,987654321
testName18,test1@gmai.com,987654321
testName19,test1@gmai.com,987654321
testName20,test1@gmai.com,987654321
testName21,test1@gmai.com,987654321
testName22,test1@gmai.com,987654321
testName23,test1@gmai.com,987654321
testName24,test1@gmai.com,987654321
testName25,test1@gmai.com,987654321
testName26,test1@gmai.com,987654321
testName27,test1@gmai.com,987654321
testName28,test1@gmai.com,987654321
testName29,test1@gmai.com,987654321
testName30,test1@gmai.com,987654321
testName31,test1@gmai.com,987654321
testName32,test1@gmai.com,987654321
testName33,test1@gmai.com,987654321
testName34,test1@gmai.com,987654321
testName35,test1@gmai.com,987654321
testName36,test1@gmai.com,987654321
testName37,test1@gmai.com,987654321
testName38,test1@gmai.com,987654321
testName39,test1@gmai.com,987654321
testName40,test1@gmai.com,987654321
testName41,test1@gmai.com,987654321
testName42,test1@gmai.com,987654321
testName43,test1@gmai.com,987654321
testName44,test1@gmai.com,987654321
